Name,Roll,Attendance,Assignments,Marks,Previous Result,Participation,Score,Risk
sushama prashant kolhe,51135,74,60,90,70,Low,69.5,Medium Risk
sushama prashant kolhe,51135,74,60,90,70,Low,69.5,Medium Risk
sushama prashant kolhe,80,90,70,84,82,Low
sushama prashant kolhe,80,90,70,84,82,Low
sushama prashant kolhe,80,90,70,84,82,Low
sushama prashant kolhe,80,70,90,82,3,78,Low
sushama prashant kolhe,80,70,90,82,3,78,Low
renu kolhe,75,80,90,91,2,79,Low
renu kolhe,75,80,90,91,2,79,Low
sush kolhe,75,80,90,91,6,87,Low
renu kolhe,75,80,90,91,2,79,Low
Shreya Berlikar,67,67,89,98,7,85,Low
